Enter the city for your day trip,Select Your Interests,Generated Itinerary & Web Search Results,timestamp
nagercoil,"[""Shopping"", ""Food"", ""Adventure"", ""Nature""]","Itinerary:

Here's a day trip itinerary for Nagercoil based on your interests:

* 9:00 AM - 10:00 AM: Visit the **Nagercoil Market** for shopping and trying local street food
* 10:30 AM - 12:30 PM: Explore the **Padmanabhapuram Palace** for a dose of history and architecture
* 1:00 PM - 2:30 PM: Enjoy traditional **Tamil cuisine** at a local restaurant
* 3:00 PM - 5:00 PM: Go on a **trek to the Mathur Aqueduct**, a scenic spot with stunning views
* 5:30 PM - 6:30 PM: Relax at the **Colachel Beach**, enjoying the sunset and local snacks

This itinerary combines shopping, food, adventure, and nature, giving you a well-rounded experience of Nagercoil.

Web Search Results:
Results found. Please check the web for more details.",2025-06-28 20:34:52.089012
